internal_tx_id,amount,date,customer_id,external_tx_id,gross_amount,fee,net_amount,description,_merge
INT_TX_005,92.16,2024-08-02,CUST_005,,,,,,left_only
INT_TX_002,160.2,2024-08-02,CUST_001,,,,,,left_only
INT_TX_009,175.19,2024-08-01,CUST_002,,,,,,left_only
INT_TX_008,238.78,2024-08-04,CUST_005,,,,,,left_only
INT_TX_004,315.72,2024-08-01,CUST_001,,,,,,left_only
INT_TX_006,320.91,2024-08-05,CUST_002,,,,,,left_only
INT_TX_001,337.74,2024-08-01,CUST_003,,,,,,left_only
INT_TX_003,354.51,2024-08-05,CUST_001,,,,,,left_only
INT_TX_010,364.16,2024-08-03,CUST_003,,,,,,left_only
INT_TX_007,372.21,2024-08-06,CUST_005,,,,,,left_only
